<?xml version="1.0" ?><Monument><wikimediaCommons><monumentNumber>1</monumentNumber><title>Amsterdam - Oudezijds Achterburgwal 19</title><url>http://commons.wikimedia.org/wiki/File:Amsterdam_-_Oudezijds_Achterburgwal_19.jpg</url><description>Description   Amsterdam - Oudezijds Achterburgwal 19.jpg  Foto gemaakt op de Amsterdamse oudezijds burgwallen Amsterdam - Oudezijds Achterburgwal 19       </description><authorUrl>http://commons.wikimedia.org/w/index.php?title=Picasdre&amp;amp;action=edit&amp;amp;redlink=1</authorUrl><date>2011-10-07</date><fullResolutionImageUrl>http://upload.wikimedia.org/wikipedia/commons/6/65/Amsterdam_-_Oudezijds_Achterburgwal_19.jpg</fullResolutionImageUrl><longitude>52.3741666667</longitude><latitude>4.89983333333</latitude><usageOnOtherWikis><string>http://nl.wikipedia.org/wiki/Lijst_van_rijksmonumenten_in_Amsterdam_Centrum_(Burgwallen-Oude_Zijde)/Deel3</string></usageOnOtherWikis><usageOnWikiMediaCommons><string>http://commons.wikimedia.org/wiki/User:Picasdre/gallery</string></usageOnWikiMediaCommons><exifMetaData></exifMetaData></wikimediaCommons><monumentRegistry><monumentNumber>1</monumentNumber><province>Noord-Holland</province><municipality>Amsterdam</municipality><town>Amsterdam</town><street>Oudezijds Achterburgwal</street><streetNumber>19</streetNumber><zipCode>1012 DA</zipCode><mainCategory>Woningen en woningbcomplx</mainCategory><subCategory>Woonhuis</subCategory><function>Oorspronkelijke functie</function><description>Pand met halsgevel met gelobde afdekking (plm 1750).</description><xCoordinates>121820</xCoordinates><yCoordinates>487473</yCoordinates></monumentRegistry></Monument>