<?xml version="1.0" ?><Monument><wikimediaCommons><monumentNumber>2</monumentNumber><title>Amsterdam - Oudezijds Achterburgwal 23</title><url>http://commons.wikimedia.org/wiki/File:Amsterdam_-_Oudezijds_Achterburgwal_23.jpg</url><description>Description   Amsterdam - Oudezijds Achterburgwal 23.jpg  Foto gemaakt op de Amsterdamse oudezijds burgwallen Amsterdam - Oudezijds Achterburgwal 23       </description><authorUrl>http://commons.wikimedia.org/w/index.php?title=Picasdre&amp;amp;action=edit&amp;amp;redlink=1</authorUrl><date>2011-10-07</date><fullResolutionImageUrl>http://upload.wikimedia.org/wikipedia/commons/2/2d/Amsterdam_-_Oudezijds_Achterburgwal_23.jpg</fullResolutionImageUrl><longitude>52.3741666667</longitude><latitude>4.89966666667</latitude><usageOnOtherWikis><string>http://nl.wikipedia.org/wiki/Lijst_van_rijksmonumenten_in_Amsterdam_Centrum_(Burgwallen-Oude_Zijde)/Deel3</string></usageOnOtherWikis><usageOnWikiMediaCommons><string>http://commons.wikimedia.org/wiki/User:Picasdre/gallery</string></usageOnWikiMediaCommons><exifMetaData></exifMetaData></wikimediaCommons><monumentRegistry><monumentNumber>2</monumentNumber><province>Noord-Holland</province><municipality>Amsterdam</municipality><town>Amsterdam</town><street>Oudezijds Achterburgwal</street><streetNumber>23</streetNumber><zipCode>1012 DA</zipCode><mainCategory>Woningen en woningbcomplx</mainCategory><subCategory>Woonhuis</subCategory><function>Oorspronkelijke functie</function><description>Pand met gevel (XVIIIc) met uit- en ingezwenkte top (wijziging XIXc). Gesneden deurkalf (XVIIIc)</description><xCoordinates>121813</xCoordinates><yCoordinates>487462</yCoordinates></monumentRegistry></Monument>