<?xml version="1.0" ?><Monument><wikimediaCommons><monumentNumber>4</monumentNumber><title>Amsterdam - Oudezijds Achterburgwal 29</title><url>http://commons.wikimedia.org/wiki/File:Amsterdam_-_Oudezijds_Achterburgwal_29.jpg</url><description>Description   Amsterdam - Oudezijds Achterburgwal 29.jpg  Foto gemaakt op de Amsterdamse oudezijds burgwallen Amsterdam - Oudezijds Achterburgwal 29       </description><authorUrl>http://commons.wikimedia.org/w/index.php?title=Picasdre&amp;amp;action=edit&amp;amp;redlink=1</authorUrl><date>2011-10-07</date><fullResolutionImageUrl>http://upload.wikimedia.org/wikipedia/commons/a/aa/Amsterdam_-_Oudezijds_Achterburgwal_29.jpg</fullResolutionImageUrl><longitude>52.374</longitude><latitude>4.89983333333</latitude><usageOnOtherWikis><string>http://nl.wikipedia.org/wiki/Lijst_van_rijksmonumenten_in_Amsterdam_Centrum_(Burgwallen-Oude_Zijde)/Deel3</string></usageOnOtherWikis><usageOnWikiMediaCommons><string>http://commons.wikimedia.org/wiki/User:Picasdre/gallery</string></usageOnWikiMediaCommons><exifMetaData></exifMetaData></wikimediaCommons><monumentRegistry><monumentNumber>4</monumentNumber><province>Noord-Holland</province><municipality>Amsterdam</municipality><town>Amsterdam</town><street>Oudezijds Achterburgwal</street><streetNumber>29</streetNumber><zipCode>1012 DA</zipCode><mainCategory>Woningen en woningbcomplx</mainCategory><subCategory>Woonhuis</subCategory><function>Oorspronkelijke functie</function><description>Pakhuis met gevel (XVIII) onder rechte lijst met consoles (XIXc).</description><xCoordinates>121807</xCoordinates><yCoordinates>487452</yCoordinates></monumentRegistry></Monument>