<?xml version="1.0" ?><Monument><wikimediaCommons><monumentNumber>6</monumentNumber><title>Amsterdam - Oudezijds Achterburgwal 33</title><url>http://commons.wikimedia.org/wiki/File:Amsterdam_-_Oudezijds_Achterburgwal_33.jpg</url><description>Description   Amsterdam - Oudezijds Achterburgwal 33.jpg  Foto gemaakt op de Amsterdamse oudezijds burgwallen Amsterdam - Oudezijds Achterburgwal 33       </description><authorUrl>http://commons.wikimedia.org/w/index.php?title=Picasdre&amp;amp;action=edit&amp;amp;redlink=1</authorUrl><date>2011-10-07</date><fullResolutionImageUrl>http://upload.wikimedia.org/wikipedia/commons/e/e1/Amsterdam_-_Oudezijds_Achterburgwal_33.jpg</fullResolutionImageUrl><longitude>52.3738333333</longitude><latitude>4.8995</latitude><usageOnOtherWikis><string>http://nl.wikipedia.org/wiki/Lijst_van_rijksmonumenten_in_Amsterdam_Centrum_(Burgwallen-Oude_Zijde)/Deel3</string></usageOnOtherWikis><usageOnWikiMediaCommons><string>http://commons.wikimedia.org/wiki/User:Picasdre/gallery</string></usageOnWikiMediaCommons><exifMetaData></exifMetaData></wikimediaCommons><monumentRegistry><monumentNumber>6</monumentNumber><province>Noord-Holland</province><municipality>Amsterdam</municipality><town>Amsterdam</town><street>Oudezijds Achterburgwal</street><streetNumber>33</streetNumber><zipCode>1012 DA</zipCode><mainCategory>Woningen en woningbcomplx</mainCategory><subCategory>Woonhuis</subCategory><function>Oorspronkelijke functie</function><description>Pand met halsgevel (Kort na 1701, wijzigingen XVIIIc). Fronton met schelp. Vormt groep met nrs 31, (35) en 37.</description><xCoordinates>121805</xCoordinates><yCoordinates>487449</yCoordinates></monumentRegistry></Monument>